,Address,Listing,City,Bed,Bth,Map,LotSz,SqFt,Year,DOM_CDOM,Area,Subdivision,DayofWkListed,MonthListed,YearListed,Date,SqFt.1,OrigPrice,ListPrice,SellingPrice,SPLP,Unnamed: 21,total_baths,full_baths,three_q_baths,half_baths,q_baths,coords,lat,lon
0,815 E Lakeshore Dr , 44012132  ,Storm Lake,5 ,4 (4 0 0 0)  ,",",16405.0,4010.0,1991,645/645,     East,  ,4,1,2008,1/31/2008, 69.83,550000,299900,280000,   93.36,39478,4,4,0,0,0,"(42.6359485019541, -95.1901057042011)",42.6359485019541,-95.1901057042011
1,307 Lake Ave , 44012256  ,Storm Lake,4 ,2 (2 0 0 0)  ,",",14000.0,3412.0,1907,12-Dec,     East,  ,1,12,2007,12/31/2007, 45.72,162000,162000,156000,   96.30,39447,2,2,0,0,0,"(42.6395688538975, -95.2008121517731)",42.6395688538975,-95.2008121517731
2,800 Meadow Ln , 44012644  ,Storm Lake,3 ,3 (3 0 0 0)  ,",",14000.0,1562.0,1981,54/54,     East,  ,5,11,2007,11/16/2007, 130.60,217000,217000,204000,   94.01,39402,3,3,0,0,0,"(42.6320473878516, -95.2428877684723)",42.6320473878516,-95.2428877684723
3,1308 Poplar Ln , 44012701  ,Storm Lake,3 ,3 (2 0 0 1)  ,",",13500.0,1872.0,1977,147/147,     East,  ,5,1,2008,1/4/2008, 80.13,174900,159500,150000,   94.04,39451,3,2,0,0,1,"(42.6449933335467, -95.1847153615956)",42.6449933335467,-95.1847153615956
5,1 Colonial Cir , 44012804  ,Storm Lake,3 ,2 (1 1 0 0)  ,",",21702.0,2642.0,1953,68/68,     East,  ,3,2,2008,2/13/2008, 81.38,225000,225000,215000,   95.56,39491,2,1,1,0,0,"(42.6467979, -95.2179697)",42.6467979,-95.2179697
6,705 Maywood Dr , 44012826  ,Storm Lake,4 ,2 (2 0 0 0)  ,",",9603.0,1300.0,2007,3-Mar,     East,  ,1,12,2007,12/3/2007, 126.92,165000,165000,165000,  100.00,39419,2,2,0,0,0,"(42.6527700051953, -95.1922661916121)",42.6527700051953,-95.1922661916121
7,518 Expansion Blvd , 44012867  ,Storm Lake,4 ,3 (3 0 0 0)  ,",",9600.0,1560.0,2007,80/80,     East,  ,2,4,2008,4/15/2008, 107.69,168000,168000,168000,  100.00,39553,3,3,0,0,0,"(42.6440484097374, -95.1792119478883)",42.6440484097374,-95.1792119478883
8,1104 Kelvin Rd , 44012871  ,Storm Lake,4 ,2 (1 1 0 0)  ,",",10400.0,1515.0,1974,9-Sep,     East,  ,3,2,2008,2/13/2008, 113.53,172000,172000,172000,  100.00,39491,2,1,1,0,0,"(42.6282929333806, -95.2390324059681)",42.6282929333806,-95.2390324059681
10,1209 N Oneida St , 44013036  ,Storm Lake,4 ,4 (4 0 0 0)  ,",",10875.0,1826.0,1978,110/110,     East,  ,3,10,2008,10/1/2008, 84.06,164900,164900,153500,   93.09,39722,4,4,0,0,0,"(42.6528356541714, -95.1949580478741)",42.6528356541714,-95.1949580478741
11,804 Clover Ln , 44013097  ,Storm Lake,3 ,2 (1 1 0 0)  ,",",14000.0,1344.0,1979,44/44,     East,  ,5,8,2008,8/29/2008, 148.81,212000,207500,200000,   96.39,39689,2,1,1,0,0,"(42.6321085772581, -95.2416323806917)",42.6321085772581,-95.2416323806917
12,704 Clover Ln , 44013105  ,Storm Lake,3 ,2 (2 0 0 0)  ,",",14000.0,1327.0,1980,32/32,     East,  ,3,9,2008,9/3/2008, 118.69,169900,169900,157500,   92.70,39694,2,2,0,0,0,"(42.6308725101919, -95.24158071581)",42.6308725101919,-95.24158071581
15,825 Angier Dr , 44012980  ,Storm Lake,3 ,3 (2 0 1 0)  ,",",12971.0,1855.0,1970,315/315,     East,  ,5,3,2009,3/6/2009, 88.95,197900,180000,165000,   91.67,39878,3,2,0,1,0,"(42.6468365039663, -95.2246943161423)",42.6468365039663,-95.2246943161423
16,1110 Lincoln Rd , 44013128  ,Storm Lake,4 ,4 (3 0 1 0)  ,",",14311.0,1954.0,1972,148/148,     East,  ,2,1,2009,1/13/2009, 81.88,179000,179000,160000,   89.39,39826,4,3,0,1,0,"(42.6513996769703, -95.1935876699049)",42.6513996769703,-95.1935876699049
17,700 Clover Lane , 44013159  ,Storm Lake,3 ,3 (3 0 0 0)  ,",",15400.0,1968.0,1994,103/103,     East,  ,4,1,2009,1/29/2009, 94.00,212500,200000,185000,   92.50,39842,3,3,0,0,0,"(42.630823, -95.24158)",42.630823,-95.24158
18,1303 Shoreway Rd , 44013186  ,Storm Lake,4 ,3 (3 0 0 0)  ,",",7525.0,2128.0,1946,30/30,     East,  ,5,11,2008,11/21/2008, 74.01,165000,165000,157500,   95.45,39773,3,3,0,0,0,"(42.643238, -95.2245329)",42.643238,-95.2245329
19,1000 Kelvin , 44014450  ,Storm Lake,3 ,2 (2 0 0 0)  ,",",10400.0,2038.0,1954,0/0,     East,  ,5,6,2009,6/12/2009, 82.68,175000,175000,168500,   96.29,39976,2,2,0,0,0,"(42.6306973387274, -95.2390763476442)",42.6306973387274,-95.2390763476442
20,701 Prairie Ln , 44014513  ,Storm Lake,5 ,3 (3 0 0 0)  ,",",15744.0,1878.0,2008,32/32,     East,  ,2,8,2009,8/18/2009, 148.83,279500,279500,279500,  100.00,40043,3,3,0,0,0,"(42.631797, -95.243925)",42.631797,-95.243925
21,1401 W 5th St , 44014320  ,Storm Lake,3 ,2 (2 0 0 0)  ,",",18227.0,1972.0,1957,321/321,     East,  ,2,12,2009,12/1/2009, 77.59,189900,176900,153000,   86.49,40148,2,2,0,0,0,"(42.644437, -95.2192228882978)",42.644437,-95.2192228882978
22,312 Lake Ave , 44014486  ,Storm Lake,4 ,2 (2 0 0 0)  ,",",10400.0,2980.0,1923,128/128,     East,  ,5,10,2009,10/30/2009, 55.37,185000,185000,165000,   89.19,40116,2,2,0,0,0,"(42.6396517137297, -95.2010351473243)",42.6396517137297,-95.2010351473243
23,601 Lincoln Rd , 44014531  ,Storm Lake,4 ,3 (2 1 0 0)  ,",",9741.0,1453.0,2004,374/374,     East,  ,2,8,2010,8/10/2010, 114.25,195000,175000,166000,   94.86,40400,3,2,1,0,0,"(42.6534822, -95.1924039)",42.6534822,-95.1924039
24,920 Emerald Dr , 44014557  ,Storm Lake,3 ,3 (2 0 0 1)  ,",",13395.0,2172.0,1956,138/138,     East,  ,5,1,2010,1/22/2010, 91.16,209500,199500,198000,   99.25,40200,3,2,0,0,1,"(42.6298362048806, -95.2367165404092)",42.6298362048806,-95.2367165404092
26,716 Meadow Ln , 44014584  ,Storm Lake,3 ,3 (2 1 0 0)  ,",",14000.0,1859.0,1981,260/260,     East,  ,3,6,2010,6/2/2010, 95.75,187900,183500,178000,   97.00,40331,3,2,1,0,0,"(42.6310081192845, -95.242848)",42.6310081192845,-95.242848
27,906 Evergreen , 44014595  ,Storm Lake,4 ,3 (2 1 0 0)  ,",",13513.0,1296.0,2009,77/77,     East,  ,1,11,2009,11/23/2009, 142.75,186000,186000,185000,   99.46,40140,3,2,1,0,0,"(42.6493720816327, -95.1869525510204)",42.6493720816327,-95.1869525510204
28,1104 Kelvin Rd , 44014616  ,Storm Lake,4 ,3 (2 0 1 0)  ,",",10400.0,1524.0,1974,148/148,     East,  ,3,3,2010,3/3/2010, 103.67,165000,163000,158000,   96.93,40240,3,2,0,1,0,"(42.6282929333806, -95.2390324059681)",42.6282929333806,-95.2390324059681
29,813 E Lakeshore Dr #1 , 44014641  ,Storm Lake,1 ,1 (1 0 0 0)  ,",",16366.0,1851.0,1991,363/363,     East,  ,5,10,2010,10/15/2010, 117.77,269000,239000,218000,   91.21,40466,1,1,0,0,0,"(42.6359459563115, -95.1900854831538)",42.6359459563115,-95.1900854831538
30,805 Kelvin Rd , 44014700  ,Storm Lake,2 ,3 (2 0 1 0)  ,",",17325.0,1870.0,1993,79/79,     East,  ,1,4,2010,4/12/2010, 103.48,198500,198500,193500,   97.48,40280,3,2,0,1,0,"(42.6310621800147, -95.2388443865371)",42.6310621800147,-95.2388443865371
31,713 Prairie Ln , 44014729  ,Storm Lake,5 ,4 (3 0 1 0)  ,",",14330.0,1902.0,2005,30/30,     East,  ,1,3,2010,3/15/2010, 135.12,264500,264500,257000,   97.16,40252,4,3,0,1,0,"(42.631975917421, -95.2439392061071)",42.631975917421,-95.2439392061071
32,701 Clover Ln , 44014748  ,Storm Lake,4 ,3 (2 1 0 0)  ,",",17780.0,1939.0,1996,31/31,     East,  ,4,4,2010,4/29/2010, 128.93,259500,259500,250000,   96.34,40297,3,2,1,0,0,"(42.630824, -95.241357)",42.630824,-95.241357
33,905 N Walnut St , 44014798  ,Storm Lake,4 ,3 (2 0 0 1)  ,",",9005.0,2188.0,1968,55/55,     East,  ,1,6,2010,6/21/2010, 76.10,169500,169500,166500,   98.23,40350,3,2,0,0,1,"(42.64897002253, -95.1879172590506)",42.64897002253,-95.1879172590506
34,912 Kelvin Rd , 44014819  ,Storm Lake,5 ,4 (3 0 1 0)  ,",",15382.0,2334.0,2000,20/20,     East,  ,4,6,2010,6/3/2010, 104.97,267500,267500,245000,   91.59,40332,4,3,0,1,0,"(42.6298731258029, -95.2390653867342)",42.6298731258029,-95.2390653867342
35,909 N Mae St , 44014854  ,Storm Lake,5 ,3 (2 0 1 0)  ,",",9014.0,2240.0,1976,57/57,     East,  ,2,7,2010,7/20/2010, 75.89,174900,174900,170000,   97.20,40379,3,2,0,1,0,"(42.6485054410582, -95.1900377118585)",42.6485054410582,-95.1900377118585
36,226 Geneseo , 44014897  ,Storm Lake,5 ,5 (5 0 0 0)  ,",",12600.0,3582.0,1895,88/88,     East,  ,5,10,2010,10/1/2010, 50.25,197000,190000,180000,   94.74,40452,5,5,0,0,0,"(42.6382940204082, -95.203542755102)",42.6382940204082,-95.203542755102
38,303 E Lakeshore Dr , 44014945  ,Storm Lake,4 ,3 (2 0 0 1)  ,",",16590.0,2754.0,1925,0/0,     East,  ,5,7,2010,7/23/2010, 90.78,274950,274950,250000,   90.93,40382,3,2,0,0,1,"(42.6361193881464, -95.19721992414)",42.6361193881464,-95.19721992414
39,712 Emerald Dr , 44014985  ,Storm Lake,4 ,3 (3 0 0 0)  ,",",18360.0,2260.0,1977,37/37,     East,  ,4,9,2010,9/23/2010, 86.28,209500,209500,195000,   93.08,40444,3,3,0,0,0,"(42.6321936761313, -95.2383234320043)",42.6321936761313,-95.2383234320043
41,1107 Lincoln Rd , 44014596  ,Storm Lake,3 ,2 (2 0 0 0)  ,",",15300.0,1664.0,1972,413/413,     East,  ,5,10,2010,10/29/2010, 97.66,179900,162500,162500,  100.00,40480,2,2,0,0,0,"(42.6513076161671, -95.1933560378401)",42.6513076161671,-95.1933560378401
42,815 E Lakeshore Dr #2 , 44014642  ,Storm Lake,2 ,2 (1 0 1 0)  ,",",16366.0,1441.0,1991,402/402,     East,  ,1,11,2010,11/29/2010, 128.38,259000,187500,185000,   98.67,40511,2,1,0,1,0,"(42.6359485019541, -95.1901057042011)",42.6359485019541,-95.1901057042011
43,806 Lakeshore Dr , 44014692  ,Storm Lake,3 ,1 (1 0 0 0)  ,",",8898.0,1176.0,1920,302/302,     East,  ,5,11,2010,11/5/2010, 191.33,259000,244000,225000,   92.21,40487,1,1,0,0,0,"(42.6357767278391, -95.1900579389305)",42.6357767278391,-95.1900579389305
44,1000 Pierce Dr , 44014823  ,Storm Lake,3 ,3 (2 0 0 1)  ,",",11790.0,1528.0,1962,371/371,     East,  ,4,5,2011,5/5/2011, 99.15,164900,155000,151500,   97.74,40668,3,2,0,0,1,"(42.630814, -95.238812)",42.630814,-95.238812
46,106 College Ave , 44015054  ,Storm Lake,4 ,3 (2 0 0 1)  ,",",21248.0,2880.0,1960,1-Jan,     East,  ,5,4,2011,4/22/2011, 90.28,285000,285000,260000,   91.23,40655,3,2,0,0,1,"(42.6378288981315, -95.2078644656754)",42.6378288981315,-95.2078644656754
49,801 Clover Ln , 44015174  ,Storm Lake,4 ,3 (2 0 0 1)  ,",",15793.0,2004.0,1983,35/542,     East,  ,1,4,2011,4/25/2011, 93.06,191500,191500,186500,   97.39,40658,3,2,0,0,1,"(42.6320627031563, -95.24139788502)",42.6320627031563,-95.24139788502
50,3109 Leona Dr , 44015192  ,Storm Lake,4 ,3 (2 1 0 0)  ,",",16800.0,1676.0,1980,6-Jun,     East,  ,2,5,2011,5/24/2011, 141.41,239500,239500,237000,   98.96,40687,3,2,1,0,0,"(42.6307791226861, -95.2417123263079)",42.6307791226861,-95.2417123263079
53,218 Lake Ave , 44015261  ,Storm Lake,4 ,3 (2 0 1 0)  ,",",12800.0,2858.0,1941,27/27,     East,  ,3,6,2011,6/15/2011, 87.47,267000,267000,250000,   93.63,40709,3,2,0,1,0,"(42.6381658858219, -95.2010547604073)",42.6381658858219,-95.2010547604073
56,1512 W 5th St , 44014469  ,Storm Lake,3 ,2 (2 0 0 0)  ,",",16442.0,1630.0,1959,809/809,     East,  ,5,1,2012,1/20/2012, 99.94,189900,162900,162900,  100.00,40928,2,2,0,0,0,"(42.6442574449639, -95.2233240000022)",42.6442574449639,-95.2233240000022
57,920 Angier Dr , 44015068  ,Storm Lake,3 ,3 (2 1 0 0)  ,",",12003.0,1887.0,1981,655/655,     East,  ,5,9,2012,9/14/2012, 92.74,250000,190000,175000,   92.11,41166,3,2,1,0,0,"(42.6481580416898, -95.2248344459938)",42.6481580416898,-95.2248344459938
59,1601 Shoreway Rd , 44015301  ,Storm Lake,3 ,3 (2 1 0 0)  ,",",16950.0,2144.0,1966,150/150,     East,  ,2,11,2011,11/22/2011, 76.96,186000,182000,165000,   90.66,40869,3,2,1,0,0,"(42.6433384108197, -95.2226687661459)",42.6433384108197,-95.2226687661459
60,1101 Lincoln Rd , 44015338  ,Storm Lake,3 ,3 (2 0 1 0)  ,",",13260.0,1563.0,1970,142/142,     East,  ,2,11,2011,11/29/2011, 99.81,162500,159900,156000,   97.56,40876,3,2,0,1,0,"(42.651199, -95.193361)",42.651199,-95.193361
61,321 Ontario St , 44015408  ,Storm Lake,3 ,3 (3 0 0 0)  ,",",8400.0,1826.0,1994,22/22,     East,  ,2,11,2011,11/1/2011, 98.71,180250,180250,180250,  100.00,40848,3,3,0,0,0,"(42.6397804384589, -95.2047370676259)",42.6397804384589,-95.2047370676259
63,712 Emerald Dr , 44015429  ,Storm Lake,4 ,3 (3 0 0 0)  ,",",18360.0,2260.0,1977,195/195,     East,  ,5,5,2012,5/4/2012, 81.86,207500,189900,185000,   97.42,41033,3,3,0,0,0,"(42.6321936761313, -95.2383234320043)",42.6321936761313,-95.2383234320043
64,1000 Kelvin Rd , 44015456  ,Storm Lake,3 ,2 (2 0 0 0)  ,",",10400.0,2038.0,1954,111/111,     East,  ,3,2,2012,2/15/2012, 90.78,189900,189900,185000,   97.42,40954,2,2,0,0,0,"(42.6306973387274, -95.2390763476442)",42.6306973387274,-95.2390763476442
65,808 Meadow Ln , 44015482  ,Storm Lake,3 ,4 (3 1 0 0)  ,",",28000.0,2944.0,1980,21/21,     East,  ,3,12,2011,12/28/2011, 90.01,269000,269000,265000,   98.51,40905,4,3,1,0,0,"(42.6321462564707, -95.2428938309472)",42.6321462564707,-95.2428938309472
66,515 Gran Dr , 44015492  ,Storm Lake,4 ,2 (1 1 0 0)  ,",",11655.0,1774.0,1967,148/148,     East,  ,3,5,2012,5/16/2012, 96.96,176500,176500,172000,   97.45,41045,2,1,1,0,0,"(42.64328914573, -95.2193011050928)",42.64328914573,-95.2193011050928
67,1115 W 6th St , 44015775  ,Storm Lake,4 ,3 (3 0 0 0)  ,",",10825.0,1250.0,2012,71/71,     East,  ,4,6,2012,6/14/2012, 138.80,172500,172500,173500,  100.58,41074,3,3,0,0,0,"(42.6455377993984, -95.2152054833335)",42.6455377993984,-95.2152054833335
68,709 Emerald Dr , 44015822  ,Storm Lake,3 ,3 (3 0 0 0)  ,",",11700.0,1520.0,1964,97/97,     East,  ,1,8,2012,8/6/2012, 103.95,168000,168000,158000,   94.05,41127,3,3,0,0,0,"(42.6333137851066, -95.2381377658073)",42.6333137851066,-95.2381377658073
69,916 Angier Dr , 44015832  ,Storm Lake,2 ,2 (1 0 1 0)  ,",",12489.0,1576.0,1974,58/58,     East,  ,1,7,2012,7/9/2012, 95.18,159900,159900,150000,   93.81,41099,2,1,0,1,0,"(42.6481014799227, -95.224834790183)",42.6481014799227,-95.224834790183
70,203 Geneseo St , 44015874  ,Storm Lake,3 ,2 (2 0 0 0)  ,",",11200.0,2079.0,1907,74/74,     East,  ,4,7,2012,7/26/2012, 98.61,239000,219500,205000,   93.39,41116,2,2,0,0,0,"(42.6379726938776, -95.2033236734694)",42.6379726938776,-95.2033236734694
71,509 Lincoln Rd , 44015955  ,Storm Lake,3 ,2 (2 0 0 0)  ,",",9740.0,1400.0,1990,49/49,     East,  ,5,9,2012,9/14/2012, 115.00,162500,162500,161000,   99.08,41166,2,2,0,0,0,"(42.6534822, -95.1924039)",42.6534822,-95.1924039
72,607-609 Larchwood Dr , 44016042  ,Storm Lake,6 ,4 (4 0 0 0)  ,",",9442.0,2832.0,1972,32/32,     East,  ,1,9,2012,9/24/2012, 58.26,169500,169500,165000,   97.35,41176,4,4,0,0,0,"(42.6445366675939, -95.2171620877388)",42.6445366675939,-95.2171620877388
73,604 E Lakeshore Dr , 44015383  ,Storm Lake,3 ,3 (2 0 1 0)  ,",",8780.0,1337.0,1996,413/413,     East,  ,5,10,2012,10/26/2012, 141.36,214500,199500,189000,   94.74,41208,3,2,0,1,0,"(42.6361077059731, -95.1928966753965)",42.6361077059731,-95.1928966753965
76,704 Clover Ln , 44015901  ,Storm Lake,3 ,3 (3 0 0 0)  ,",",14000.0,1327.0,1980,170/170,     East,  ,5,12,2012,12/7/2012, 131.88,188500,179000,175000,   97.77,41250,3,3,0,0,0,"(42.6308725101919, -95.24158071581)",42.6308725101919,-95.24158071581
77,1817 W 6th St , 44015975  ,Storm Lake,4 ,3 (3 0 0 0)  ,",",9600.0,1582.0,2006,144/144,     East,  ,4,12,2012,12/13/2012, 140.33,239000,229000,222000,   96.94,41256,3,3,0,0,0,"(42.6454682014864, -95.2276195103136)",42.6454682014864,-95.2276195103136
78,513 Swallum Dr , 44016070  ,Storm Lake,3 ,2 (1 1 0 0)  ,",",10067.0,1521.0,1964,296/296,     East,  ,3,7,2013,7/17/2013, 101.25,169900,154900,154000,   99.42,41472,2,1,1,0,0,"(42.6430020396463, -95.2182331688906)",42.6430020396463,-95.2182331688906
80,15 Vista Dr , 44016194  ,Storm Lake,3 ,3 (2 1 0 0)  ,",",18725.0,2196.0,1951,252/252,     East,  ,5,8,2013,8/23/2013, 92.78,279000,224000,203750,   90.96,41509,3,2,1,0,0,"(42.6425526442107, -95.2301668434365)",42.6425526442107,-95.2301668434365
81,704 Angier Dr , 44016208  ,Storm Lake,3 ,3 (2 1 0 0)  ,",",11970.0,1778.0,1970,58/58,     East,  ,5,6,2013,6/21/2013, 87.18,165000,163000,155000,   95.09,41446,3,2,1,0,0,"(42.6455713922234, -95.224919)",42.6455713922234,-95.224919
83,1001 W 6th St , 44016323  ,Storm Lake,4 ,3 (3 0 0 0)  ,",",10680.0,1400.0,2013,86/86,     East,  ,5,7,2013,7/12/2013, 133.21,188500,188500,186500,   98.94,41467,3,3,0,0,0,"(42.64554, -95.214495)",42.64554,-95.214495
84,600 Lincoln Rd , 44016341  ,Storm Lake,4 ,4 (3 0 1 0)  ,",",9602.0,2560.0,2000,37/37,     East,  ,1,7,2013,7/1/2013, 76.95,204500,204500,197000,   96.33,41456,4,3,0,1,0,"(42.6534822, -95.1924039)",42.6534822,-95.1924039
85,602 Lakeshore Dr , 44016399  ,Storm Lake,2 ,2 (2 0 0 0)  ,",",7200.0,864.0,1955,1-Jan,     East,  ,1,6,2013,6/3/2013, 289.35,250000,250000,250000,  100.00,41428,2,2,0,0,0,"(42.6361063529865, -95.1928858376982)",42.6361063529865,-95.1928858376982
86,800 Kelvin Rd , 44016400  ,Storm Lake,3 ,3 (2 0 1 0)  ,",",31240.0,2092.0,1977,21/21,     East,  ,4,6,2013,6/6/2013, 91.78,195000,195000,192000,   98.46,41431,3,2,0,1,0,"(42.631037, -95.23907)",42.631037,-95.23907
88,202 W 3rd St , 44016458  ,Storm Lake,3 ,3 (2 0 1 0)  ,",",8005.0,2240.0,1992,83/83,     East,  ,3,9,2013,9/18/2013, 77.23,199500,189500,173000,   91.29,41535,3,2,0,1,0,"(42.6408722290106, -95.2023415498559)",42.6408722290106,-95.2023415498559
89,920 Angier Dr , 44016500  ,Storm Lake,3 ,3 (2 1 0 0)  ,",",12003.0,1887.0,1981,39/39,     East,  ,5,8,2013,8/23/2013, 102.28,209000,209000,193000,   92.34,41509,3,2,1,0,0,"(42.6481580416898, -95.2248344459938)",42.6481580416898,-95.2248344459938
90,1001 Walnut St , 44016541  ,Storm Lake,3 ,3 (3 0 0 0)  ,",",8960.0,1240.0,1975,39/39,     East,  ,4,9,2013,9/19/2013, 120.97,159000,159000,150000,   94.34,41536,3,3,0,0,0,"(42.649697, -95.187912)",42.649697,-95.187912
92,1205 E 8th St , 44016316  ,Storm Lake,4 ,3 (3 0 0 0)  ,",",11200.0,1802.0,2009,205/205,     East,  ,4,10,2013,10/17/2013, 130.41,259000,239900,235000,   97.96,41564,3,3,0,0,0,"(42.6483992857143, -95.1866695102041)",42.6483992857143,-95.1866695102041
93,312 Lake Avenue , 44016448  ,Storm Lake,4 ,3 (3 0 0 0)  ,",",10400.0,2980.0,1923,363/363,     East,  ,2,6,2014,6/3/2014, 59.06,215000,176000,176000,  100.00,41793,3,3,0,0,0,"(42.6396517137297, -95.2010351473243)",42.6396517137297,-95.2010351473243
95,704 E 12th St , 44016508  ,Storm Lake,5 ,3 (2 1 0 0)  ,",",12125.0,1718.0,1995,140/140,     East,  ,4,12,2013,12/5/2013, 99.53,177500,172500,171000,   99.13,41613,3,2,1,0,0,"(42.654231, -95.1917702626263)",42.654231,-95.1917702626263
96,608 Lincoln Rd , 44016521  ,Storm Lake,4 ,3 (3 0 0 0)  ,",",9603.0,1198.0,2005,329/329,     East,  ,2,7,2014,7/29/2014, 144.41,189750,179500,173000,   96.38,41849,3,3,0,0,0,"(42.6534822, -95.1924039)",42.6534822,-95.1924039
97,920 Emerald Dr , 44016609  ,Storm Lake,3 ,3 (2 0 1 0)  ,",",13395.0,2172.0,1956,52/52,     East,  ,5,10,2013,10/18/2013, 92.08,207500,207500,200000,   96.39,41565,3,2,0,1,0,"(42.6298362048806, -95.2367165404092)",42.6298362048806,-95.2367165404092
98,5 Vista Dr , 44016624  ,Storm Lake,4 ,3 (2 0 1 0)  ,",",12272.0,2046.0,1949,75/75,     East,  ,2,11,2013,11/12/2013, 75.76,159900,159900,155000,   96.94,41590,3,2,0,1,0,"(42.6438996666667, -95.2258233333333)",42.6438996666667,-95.2258233333333
99,1001 E 8th St , 44016634  ,Storm Lake,3 ,2 (2 0 0 0)  ,",",8995.0,1632.0,1968,30/30,     East,  ,5,10,2013,10/18/2013, 94.98,165000,165000,155000,   93.94,41565,2,2,0,0,0,"(42.648401, -95.188679)",42.648401,-95.188679
100,709 E 10th St , 44016740  ,Storm Lake,3 ,2 (1 1 0 0)  ,",",10950.0,1060.0,1982,30/30,     East,  ,5,11,2013,11/22/2013, 144.34,157500,157500,153000,   97.14,41600,2,1,1,0,0,"(42.6511520997174, -95.1913416754164)",42.6511520997174,-95.1913416754164
101,904 Kelvin , 44016746  ,Storm Lake,3 ,2 (2 0 0 0)  ,",",18184.0,1514.0,1953,173/173,     East,  ,4,4,2014,4/17/2014, 107.99,168500,164250,163500,   99.54,41746,2,2,0,0,0,"(42.629798197867, -95.2390642358605)",42.629798197867,-95.2390642358605
102,705 Clover Ln , 44016763  ,Storm Lake,4 ,4 (4 0 0 0)  ,",",15400.0,2094.0,1991,160/160,     East,  ,4,4,2014,4/17/2014, 102.67,225000,220000,215000,   97.73,41746,4,4,0,0,0,"(42.630873596292, -95.2413575961093)",42.630873596292,-95.2413575961093
104,500 Otsego St , 44016784  ,Storm Lake,4 ,2 (2 0 0 0)  ,",",8400.0,2864.0,1930,170/170,     East,  ,5,5,2014,5/2/2014, 66.86,225000,193900,191500,   98.76,41761,2,2,0,0,0,"(42.642645, -95.206384)",42.642645,-95.206384
105,909 N Mae St , 44016900  ,Storm Lake,5 ,3 (2 0 1 0)  ,",",9014.0,2240.0,1976,86/86,     East,  ,3,5,2014,5/7/2014, 75.89,189500,189500,170000,   89.71,41766,3,2,0,1,0,"(42.6485054410582, -95.1900377118585)",42.6485054410582,-95.1900377118585
106,1704 W 6th St , 44016950  ,Storm Lake,4 ,4 (3 0 1 0)  ,",",20013.0,2653.0,1971,42/42,     East,  ,2,5,2014,5/27/2014, 75.39,215000,215000,200000,   93.02,41786,4,3,0,1,0,"(42.645316555883, -95.2257307587861)",42.645316555883,-95.2257307587861
107,805 Russell St , 44016951  ,Storm Lake,4 ,3 (3 0 0 0)  ,",",12271.0,2036.0,1930,22/22,     East,  ,5,4,2014,4/11/2014, 81.53,169900,169900,166000,   97.70,41740,3,3,0,0,0,"(42.6476042814275, -95.1908998359286)",42.6476042814275,-95.1908998359286
108,1107 W 6th St , 44017029  ,Storm Lake,4 ,3 (3 0 0 0)  ,",",10680.0,1478.0,2014,43/43,     East,  ,1,6,2014,6/16/2014, 134.98,199500,199500,199500,  100.00,41806,3,3,0,0,0,"(42.6455379052556, -95.2151556246349)",42.6455379052556,-95.2151556246349
110,1005 W 5th St , 44017125  ,Storm Lake,5 ,3 (2 0 1 0)  ,",",8793.0,1968.0,1925,61/61,     East,  ,5,8,2014,8/22/2014, 80.28,158000,158000,158000,  100.00,41873,3,2,0,1,0,"(42.644449, -95.2138366734694)",42.644449,-95.2138366734694
111,204 Geneseo St , 44017185  ,Storm Lake,5 ,3 (2 0 0 1)  ,",",9375.0,2290.0,1941,49/49,     East,  ,1,10,2014,10/13/2014, 76.42,210000,185000,175000,   94.59,41925,3,2,0,0,1,"(42.6380003877551, -95.2035463469388)",42.6380003877551,-95.2035463469388
112,1309 W 6th St , 44017188  ,Storm Lake,4 ,3 (2 0 1 0)  ,",",11893.0,2019.0,1950,30/30,     East,  ,1,9,2014,9/15/2014, 77.27,159900,159900,156000,   97.56,41897,3,2,0,1,0,"(42.645526, -95.2201591409723)",42.645526,-95.2201591409723
113,5 Vista Dr , 44017193  ,Storm Lake,4 ,3 (3 0 0 0)  ,",",12272.0,2046.0,1949,30/30,     East,  ,5,8,2014,8/29/2014, 76.25,159900,159900,156000,   97.56,41880,3,3,0,0,0,"(42.6438996666667, -95.2258233333333)",42.6438996666667,-95.2258233333333
114,701 Maywood Dr , 44016813  ,Storm Lake,4 ,2 (2 0 0 0)  ,",",9603.0,1298.0,2007,666/666,     East,  ,2,9,2015,9/22/2015, 115.56,182000,159888,150000,   93.82,42269,2,2,0,0,0,"(42.6527701973032, -95.192236299627)",42.6527701973032,-95.192236299627
115,926 Leona Cir , 44016863  ,Storm Lake,4 ,3 (2 0 1 0)  ,",",15400.0,2158.0,1993,439/439,     East,  ,3,4,2015,4/15/2015, 90.82,228000,199500,196000,   98.25,42109,3,2,0,1,0,"(42.6298015, -95.2428352)",42.6298015,-95.2428352
116,101 Lake Ave , 44016909  ,Storm Lake,3 ,2 (2 0 0 0)  ,",",12410.0,3804.0,1952,402/402,     East,  ,4,3,2015,3/26/2015, 70.98,349000,275000,270000,   98.18,42089,2,2,0,0,0,"(42.636878, -95.200863)",42.636878,-95.200863
117,905 Evergreen Ave , 44016943  ,Storm Lake,4 ,3 (3 0 0 0)  ,",",11227.0,1289.0,2014,276/276,     East,  ,5,1,2015,1/9/2015, 145.46,200000,189500,187500,   98.94,42013,3,3,0,0,0,"(42.6493913877551, -95.1867293673469)",42.6493913877551,-95.1867293673469
118,1700 Hyland Dr , 44016981  ,Storm Lake,4 ,3 (2 0 1 0)  ,",",11970.0,2013.0,1972,269/269,     East,  ,3,12,2014,12/31/2014, 86.93,197500,184500,175000,   94.85,42004,3,2,0,1,0,"(42.647662, -95.224939)",42.647662,-95.224939
120,502 Lakeshore Dr , 44017178  ,Storm Lake,3 ,2 (2 0 0 0)  ,",",7152.0,2170.0,1979,307/307,     East,  ,2,6,2015,6/16/2015, 134.79,358000,305000,292500,   95.90,42171,2,2,0,0,0,"(42.6386624328948, -95.2071362206583)",42.6386624328948,-95.2071362206583
121,1005 Lighthouse Dr , 44017181  ,Storm Lake,4 ,3 (3 0 0 0)  ,",",3736.0,2028.0,1991,340/340,     East,  ,4,7,2015,7/9/2015, 78.90,225000,175000,160000,   91.43,42194,3,3,0,0,0,"(42.6411587133184, -95.2138144046489)",42.6411587133184,-95.2138144046489
122,904 Angier Dr , 44017207  ,Storm Lake,4 ,4 (3 0 1 0)  ,",",12489.0,2142.0,1974,48/48,     East,  ,5,10,2014,10/31/2014, 91.27,199500,199500,195500,   97.99,41943,4,3,0,1,0,"(42.647933040547, -95.2248533312936)",42.647933040547,-95.2248533312936
123,1012 Oak Lane , 44017215  ,Storm Lake,4 ,3 (2 1 0 0)  ,",",9140.0,2315.0,1971,143/143,     East,  ,2,12,2014,12/30/2014, 71.27,182000,178500,165000,   92.44,42003,3,2,1,0,0,"(42.6498399402421, -95.1891950965369)",42.6498399402421,-95.1891950965369
124,716 Winthrop Cir , 44017377  ,Storm Lake,3 ,3 (2 1 0 0)  ,",",23800.0,1590.0,1968,37/37,     East,  ,1,12,2014,12/1/2014, 138.36,239000,239000,220000,   92.05,41974,3,2,1,0,0,"(42.6314762133135, -95.2367464717275)",42.6314762133135,-95.2367464717275
125,1204 E 9th St , 44017387  ,Storm Lake,3 ,2 (2 0 0 0)  ,",",11326.0,1264.0,2011,175/175,     East,  ,5,4,2015,4/17/2015, 132.91,184750,173000,168000,   97.11,42111,2,2,0,0,0,"(42.649468258586, -95.1866596888925)",42.649468258586,-95.1866596888925
126,1009 Evergreen Ave , 44017404  ,Storm Lake,5 ,3 (2 0 1 0)  ,",",11227.0,1283.0,2014,223/223,     East,  ,2,6,2015,6/16/2015, 141.10,194500,185000,181031,   97.85,42171,3,2,0,1,0,"(42.6495685, -95.1868502)",42.6495685,-95.1868502
127,1113 Lincoln Rd , 44017406  ,Storm Lake,4 ,2 (2 0 0 0)  ,",",15184.0,1836.0,1974,38/38,     East,  ,2,12,2014,12/23/2014, 112.20,215000,215000,206000,   95.81,41996,2,2,0,0,0,"(42.6514162414065, -95.1933526979795)",42.6514162414065,-95.1933526979795
128,1107 W 5th St , 44017432  ,Storm Lake,3 ,2 (1 0 1 0)  ,",",9441.0,1936.0,1936,117/117,     East,  ,5,3,2015,3/20/2015, 78.00,157500,154900,151000,   97.48,42083,2,1,0,1,0,"(42.6444463636886, -95.2150458132676)",42.6444463636886,-95.2150458132676
129,716 Prairie Ln , 44017456  ,Storm Lake,4 ,3 (3 0 0 0)  ,",",15800.0,1696.0,2007,19/19,     East,  ,1,1,2015,1/26/2015, 154.78,275000,275000,262500,   95.45,42030,3,3,0,0,0,"(42.6319043406966, -95.2441578788261)",42.6319043406966,-95.2441578788261
130,901 E 9th St , 44017464  ,Storm Lake,4 ,3 (2 0 1 0)  ,",",9148.0,2010.0,1974,32/32,     East,  ,1,2,2015,2/9/2015, 78.36,159500,159500,157500,   98.75,42044,3,2,0,1,0,"(42.649657, -95.189253)",42.649657,-95.189253
131,1511 Shoreway Rd , 44017519  ,Storm Lake,3 ,2 (1 0 1 0)  ,",",20551.0,1754.0,1957,51/51,     East,  ,4,4,2015,4/23/2015, 88.37,169900,168900,155000,   91.77,42117,2,1,0,1,0,"(42.6433424153645, -95.2208113763167)",42.6433424153645,-95.2208113763167
132,608 Lincoln Rd , 44017527  ,Storm Lake,4 ,3 (3 0 0 0)  ,",",9603.0,1198.0,2005,87/87,     East,  ,3,5,2015,5/27/2015, 150.25,185000,185000,180000,   97.30,42151,3,3,0,0,0,"(42.6534822, -95.1924039)",42.6534822,-95.1924039
133,1001 W 6th St , 44017570  ,Storm Lake,4 ,3 (3 0 0 0)  ,",",10680.0,1400.0,2013,161/161,     East,  ,1,10,2015,10/5/2015, 125.00,189900,189900,175000,   92.15,42282,3,3,0,0,0,"(42.64554, -95.214495)",42.64554,-95.214495
135,321 Ontario St , 44017587  ,Storm Lake,4 ,3 (3 0 0 0)  ,",",8400.0,1826.0,1994,41/41,     East,  ,5,5,2015,5/15/2015, 101.31,189500,189500,185000,   97.63,42139,3,3,0,0,0,"(42.6397804384589, -95.2047370676259)",42.6397804384589,-95.2047370676259
136,708 Clover Ln , 44017617  ,Storm Lake,4 ,3 (2 0 1 0)  ,",",14770.0,2006.0,1987,174/174,     East,  ,5,10,2015,10/9/2015, 86.24,189900,179000,173000,   96.65,42286,3,2,0,1,0,"(42.6309220203839, -95.24158143162)",42.6309220203839,-95.24158143162
137,1111 W 6th St , 44017641  ,Storm Lake,5 ,3 (3 0 0 0)  ,",",10680.0,1886.0,2015,31/31,     East,  ,2,6,2015,6/16/2015, 114.00,219500,219500,215000,   97.95,42171,3,3,0,0,0,"(42.645537852327, -95.2151805539842)",42.645537852327,-95.2151805539842
138,207 Lake Ave , 44017665  ,Storm Lake,5 ,3 (3 0 0 0)  ,",",13600.0,3320.0,1910,60/60,     East,  ,4,7,2015,7/16/2015, 56.48,198500,198500,187500,   94.46,42201,3,3,0,0,0,"(42.638001743023, -95.2008348639412)",42.638001743023,-95.2008348639412
139,1009 Emerald Dr , 44017711  ,Storm Lake,3 ,2 (2 0 0 0)  ,",",17500.0,1144.0,1962,70/70,     East,  ,6,8,2015,8/8/2015, 257.87,359000,315000,295000,   93.65,42224,2,2,0,0,0,"(42.6281717613031, -95.2362776022763)",42.6281717613031,-95.2362776022763
140,1805 W 6th St , 44017733  ,Storm Lake,3 ,3 (3 0 0 0)  ,",",11280.0,2088.0,1975,31/31,     East,  ,3,7,2015,7/22/2015, 81.42,179000,179000,170000,   94.97,42207,3,3,0,0,0,"(42.6454665615329, -95.2278418776553)",42.6454665615329,-95.2278418776553
141,709 E 10th St , 44017830  ,Storm Lake,3 ,2 (1 1 0 0)  ,",",10950.0,1060.0,1982,23/23,     East,  ,5,8,2015,8/21/2015, 144.34,160000,160000,153000,   95.63,42237,2,1,1,0,0,"(42.6511520997174, -95.1913416754164)",42.6511520997174,-95.1913416754164
142,704 Clover Ln , 44017645  ,Storm Lake,3 ,3 (3 0 0 0)  ,",",14000.0,1327.0,1980,162/162,     East,  ,5,10,2015,10/30/2015, 129.62,179000,179000,172000,   96.09,42307,3,3,0,0,0,"(42.6308725101919, -95.24158071581)",42.6308725101919,-95.24158071581
143,707 Maywood Dr , 44017810  ,Storm Lake,4 ,2 (2 0 0 0)  ,",",9602.0,1294.0,2007,112/112,     East,  ,1,11,2015,11/9/2015, 122.68,169888,161888,158750,   98.06,42317,2,2,0,0,0,"(42.6527703964984, -95.1922811323356)",42.6527703964984,-95.1922811323356
145,3102 Leona Dr , 44017879  ,Storm Lake,3 ,3 (3 0 0 0)  ,",",14000.0,1554.0,1979,82/82,     East,  ,5,11,2015,11/13/2015, 118.40,194000,189900,184000,   96.89,42321,3,3,0,0,0,"(42.6306935, -95.2414887)",42.6306935,-95.2414887
146,1105 E 8th St , 44017972  ,Storm Lake,3 ,2 (1 1 0 0)  ,",",9600.0,1320.0,1988,137/137,     East,  ,4,2,2016,2/25/2016, 113.64,159900,153900,150000,   97.47,42425,2,1,1,0,0,"(42.648397, -95.1878323873497)",42.648397,-95.1878323873497
147,800-804 Michigan St , 44017977  ,Storm Lake,5 ,4 (4 0 0 0)  ,",",10000.0,3052.0,1950,0/0,     East,  ,1,12,2015,12/28/2015, 51.61,160000,160000,157500,   98.44,42366,4,4,0,0,0,"(42.646947, -95.202117)",42.646947,-95.202117
148,104 W 3rd Street , 44017986  ,Storm Lake,3 ,2 (1 1 0 0)  ,",",12000.0,1844.0,1955,33/33,     East,  ,2,12,2015,12/15/2015, 84.06,155000,155000,155000,  100.00,42353,2,1,1,0,0,"(42.640866460686, -95.2011228548807)",42.640866460686,-95.2011228548807
150,1107 W 6th St , 44018022  ,Storm Lake,4 ,3 (3 0 0 0)  ,",",10680.0,1478.0,2013,164/164,     East,  ,3,5,2016,5/4/2016, 134.64,199000,199000,199000,  100.00,42494,3,3,0,0,0,"(42.6455379052556, -95.2151556246349)",42.6455379052556,-95.2151556246349
151,509 Lincoln , 44018069  ,Storm Lake,3 ,2 (2 0 0 0)  ,",",9741.0,1400.0,1990,11-Nov,     East,  ,5,1,2016,1/29/2016, 123.93,178500,178500,173500,   97.20,42398,2,2,0,0,0,"(42.6534822, -95.1924039)",42.6534822,-95.1924039
152,508 Lincoln Road , 44018094  ,Storm Lake,3 ,3 (3 0 0 0)  ,",",11250.0,1400.0,1990,96/96,     East,  ,4,4,2016,4/28/2016, 107.14,162000,158000,150000,   94.94,42488,3,3,0,0,0,"(42.6534822, -95.1924039)",42.6534822,-95.1924039
153,513 Swallum Dr , 44018162  ,Storm Lake,3 ,2 (1 1 0 0)  ,",",10066.0,1521.0,1964,24/24,     East,  ,1,4,2016,4/4/2016, 108.48,169900,169900,165000,   97.12,42464,2,1,1,0,0,"(42.6430020396463, -95.2182331688906)",42.6430020396463,-95.2182331688906
154,1013 N Mae St , 44018170  ,Storm Lake,4 ,3 (2 0 1 0)  ,",",9172.0,2080.0,1971,63/63,     East,  ,4,5,2016,5/12/2016, 73.80,155000,155000,153500,   99.03,42502,3,2,0,1,0,"(42.6498243596478, -95.1900302177821)",42.6498243596478,-95.1900302177821
156,1113 Oneida St , 44018186  ,Storm Lake,3 ,2 (2 0 0 0)  ,",",11125.0,1296.0,1970,38/38,     East,  ,3,6,2016,6/15/2016, 118.83,154900,154900,154000,   99.42,42536,2,2,0,0,0,"(42.6513844071062, -95.1949712723133)",42.6513844071062,-95.1949712723133
157,801 E Lakeshore Dr , 44018207  ,Storm Lake,3 ,2 (2 0 0 0)  ,",",6866.0,1364.0,1952,35/35,     East,  ,5,6,2016,6/24/2016, 143.70,205000,205000,196000,   95.61,42545,2,2,0,0,0,"(42.635932, -95.189964)",42.635932,-95.189964
158,920 Angier Dr , 44018224  ,Storm Lake,3 ,3 (3 0 0 0)  ,",",12003.0,1887.0,1981,17/17,     East,  ,4,6,2016,6/2/2016, 109.17,209000,209000,206000,   98.56,42523,3,3,0,0,0,"(42.6481580416898, -95.2248344459938)",42.6481580416898,-95.2248344459938
159,1624 Hyland Dr , 44018228  ,Storm Lake,3 ,2 (2 0 0 0)  ,",",12964.0,1512.0,1967,5-May,     East,  ,3,6,2016,6/1/2016, 99.54,149900,149900,150500,  100.40,42522,2,2,0,0,0,"(42.647662, -95.223841875)",42.647662,-95.223841875
160,7 Vista Dr , 44018317  ,Storm Lake,3 ,2 (2 0 0 0)  ,",",12272.0,1188.0,1950,37/37,     East,  ,3,6,2016,6/29/2016, 129.63,169900,159900,154000,   96.31,42550,2,2,0,0,0,"(42.64421, -95.225825)",42.64421,-95.225825
162,706 Barton St , 44018345  ,Storm Lake,5 ,3 (3 0 0 0)  ,",",14774.0,1790.0,2016,63/63,     East,  ,3,8,2016,8/10/2016, 127.37,229500,229500,228000,   99.35,42592,3,3,0,0,0,"(42.6458855, -95.214439)",42.6458855,-95.214439
163,805 Highview Dr , 44018395  ,Storm Lake,3 ,2 (2 0 0 0)  ,",",9252.0,1592.0,1955,1-Jan,     East,  ,5,7,2016,7/8/2016, 97.36,156500,156500,155000,   99.04,42559,2,2,0,0,0,"(42.6465254362694, -95.2223526004591)",42.6465254362694,-95.2223526004591
164,1005 Evergreen Ave , 44018408  ,Storm Lake,4 ,3 (2 1 0 0)  ,",",11231.0,1290.0,2012,82/82,     East,  ,5,9,2016,9/9/2016, 165.12,224000,224000,213000,   95.09,42622,3,2,1,0,0,"(42.6495685, -95.1868502)",42.6495685,-95.1868502
165,716 Winthrop Cir , 44018440  ,Storm Lake,3 ,3 (3 0 0 0)  ,",",23800.0,1590.0,1968,26/26,     East,  ,3,8,2016,8/31/2016, 144.34,239000,239000,229500,   96.03,42613,3,3,0,0,0,"(42.6314762133135, -95.2367464717275)",42.6314762133135,-95.2367464717275
166,2904 Alvin Place , 44018457  ,Storm Lake,3 ,2 (2 0 0 0)  ,",",11135.0,1288.0,1966,16/16,     East,  ,2,9,2016,9/6/2016, 118.71,152900,152900,152900,  100.00,42619,2,2,0,0,0,"(42.6287715280115, -95.2387357352736)",42.6287715280115,-95.2387357352736
167,609 E 12th St , 44018507  ,Storm Lake,3 ,3 (3 0 0 0)  ,",",10639.0,1542.0,1998,17/17,     East,  ,2,9,2016,9/27/2016, 103.70,159900,159900,159900,  100.00,42640,3,3,0,0,0,"(42.654395, -95.191276)",42.654395,-95.191276
169,917 Angier Dr , 44018049  ,Storm Lake,4 ,4 (3 0 1 0)  ,",",13044.0,2876.0,1977,366/366,     East,  ,3,11,2016,11/23/2016, 64.33,249000,199000,185000,   92.96,42697,4,3,0,1,0,"(42.6480818928942, -95.2245991616807)",42.6480818928942,-95.2245991616807
170,704 Prairie Ln , 44018273  ,Storm Lake,4 ,3 (3 0 0 0)  ,",",14360.0,1408.0,2007,162/162,     East,  ,3,11,2016,11/9/2016, 132.10,199500,189900,186000,   97.95,42683,3,3,0,0,0,"(42.6318155498267, -95.2441509133632)",42.6318155498267,-95.2441509133632
171,1401 Shoreway Rd , 44018394  ,Storm Lake,3 ,2 (1 1 0 0)  ,",",10878.0,1841.0,1965,267/267,     East,  ,5,3,2017,3/24/2017, 105.92,227000,200000,195000,   97.50,42818,2,1,1,0,0,"(42.643238, -95.2245329)",42.643238,-95.2245329
173,709 Emerald Dr , 44018483  ,Storm Lake,3 ,3 (3 0 0 0)  ,",",11700.0,1520.0,1964,93/93,     East,  ,5,11,2016,11/18/2016, 107.89,172900,165900,164000,   98.85,42692,3,3,0,0,0,"(42.6333137851066, -95.2381377658073)",42.6333137851066,-95.2381377658073
174,512 Swallum Dr , 44018543  ,Storm Lake,4 ,3 (3 0 0 0)  ,",",9990.0,2272.0,1983,239/239,     East,  ,5,5,2017,5/5/2017, 94.63,234900,234900,215000,   91.53,42860,3,3,0,0,0,"(42.6430029189091, -95.218457)",42.6430029189091,-95.218457
175,1601 Lochedem Dr , 44018548  ,Storm Lake,4 ,2 (1 1 0 0)  ,",",10265.0,1720.0,1956,41/41,     East,  ,4,10,2016,10/27/2016, 87.21,149500,149500,150000,  100.33,42670,2,1,1,0,0,"(42.646435, -95.222631)",42.646435,-95.222631
176,905 N Walnut St , 44018563  ,Storm Lake,5 ,3 (2 0 1 0)  ,",",9004.0,2188.0,1968,77/77,     East,  ,3,11,2016,11/30/2016, 75.41,165000,165000,165000,  100.00,42704,3,2,0,1,0,"(42.64897002253, -95.1879172590506)",42.64897002253,-95.1879172590506
177,604 Renshaw Dr , 44018589  ,Storm Lake,4 ,2 (1 1 0 0)  ,",",9119.0,1969.0,1975,38/38,     East,  ,4,11,2016,11/17/2016, 77.96,152500,152500,153500,  100.66,42691,2,1,1,0,0,"(42.6444677142857, -95.2282045918367)",42.6444677142857,-95.2282045918367
178,701 Clover Ln , 44018612  ,Storm Lake,4 ,3 (3 0 0 0)  ,",",17780.0,1939.0,1996,51/51,     East,  ,2,1,2017,1/3/2017, 129.96,265000,265000,252000,   95.09,42738,3,3,0,0,0,"(42.630824, -95.241357)",42.630824,-95.241357
179,302 Lake Ave , 44018627  ,Storm Lake,4 ,4 (4 0 0 0)  ,",",13600.0,2823.0,1916,83/83,     East,  ,4,3,2017,3/2/2017, 66.77,190500,190500,188500,   98.95,42796,4,4,0,0,0,"(42.6395152856216, -95.2010358578874)",42.6395152856216,-95.2010358578874
180,1604 Violet Lane , 44018622  ,Storm Lake,4 ,3 (3 0 0 0)  ,",",9600.0,1358.0,2006,29/29,     East,  ,5,12,2016,12/9/2016, 111.93,154000,154000,152000,   98.70,42713,3,3,0,0,0,"(42.644615, -95.1795465306122)",42.644615,-95.1795465306122
181,1502 E Milwaukee Ave , 44018644  ,Storm Lake,3 ,3 (2 0 1 0)  ,",",37505.0,1196.0,1975,50/50,     East,  ,5,1,2017,1/27/2017, 132.94,159900,159900,159000,   99.44,42762,3,2,0,1,0,"(42.647346, -95.1802220382104)",42.647346,-95.1802220382104
182,1700 W 6th St , 44018676  ,Storm Lake,4 ,3 (2 1 0 0)  ,",",16150.0,2028.0,1970,39/39,     East,  ,3,5,2017,5/31/2017, 100.00,211500,211500,202800,   95.89,42886,3,2,1,0,0,"(42.645316, -95.225763)",42.645316,-95.225763
183,1113 Oneida St , 44018709  ,Storm Lake,3 ,2 (2 0 0 0)  ,",",11125.0,1296.0,1970,1-Jan,     East,  ,5,5,2017,5/12/2017, 123.07,159500,159500,159500,  100.00,42867,2,2,0,0,0,"(42.6513844071062, -95.1949712723133)",42.6513844071062,-95.1949712723133
184,1005 E 8th St , 44018752  ,Storm Lake,3 ,3 (3 0 0 0)  ,",",8995.0,1320.0,1968,28/28,     East,  ,5,4,2017,4/21/2017, 120.45,159000,159000,159000,  100.00,42846,3,3,0,0,0,"(42.6484, -95.188352)",42.6484,-95.188352
185,1309 Shoreway Rd , 44018754  ,Storm Lake,3 ,3 (3 0 0 0)  ,",",10622.0,1516.0,1964,42/42,     East,  ,5,7,2017,7/7/2017, 145.12,225000,225000,220000,   97.78,42923,3,3,0,0,0,"(42.643238, -95.2245329)",42.643238,-95.2245329
189,1204 E 9th St , 44018872  ,Storm Lake,5 ,3 (3 0 0 0)  ,",",11326.0,1264.0,2011,1-Jan,     East,  ,4,6,2017,6/15/2017, 167.72,214900,214900,212000,   98.65,42901,3,3,0,0,0,"(42.649468258586, -95.1866596888925)",42.649468258586,-95.1866596888925
190,110 Lake Ave , 44018932  ,Storm Lake,4 ,2 (1 0 1 0)  ,",",8400.0,2082.0,1919,8-Aug,     East,  ,4,6,2017,6/29/2017, 108.07,219000,219000,225000,  102.74,42915,2,1,0,1,0,"(42.6369622276756, -95.2010840887606)",42.6369622276756,-95.2010840887606
191,697 Hyland Dr , 44018945  ,Storm Lake,4 ,3 (3 0 0 0)  ,",",14774.0,1686.0,2017,62/62,     East,  ,2,8,2017,8/15/2017, 136.24,229500,229500,229700,  100.09,42962,3,3,0,0,0,"(42.6477386, -95.2223484)",42.6477386,-95.2223484
192,510 Angier Dr , 44018961  ,Storm Lake,3 ,2 (1 1 0 0)  ,",",9000.0,1358.0,1954,24/24,     East,  ,4,7,2017,7/6/2017, 120.40,162500,162500,163500,  100.62,42922,2,1,1,0,0,"(42.6433929542045, -95.2249127374618)",42.6433929542045,-95.2249127374618
195,800 Pierce Dr , 44019027  ,Storm Lake,4 ,3 (2 0 1 0)  ,",",21222.0,2043.0,1959,49/49,     East,  ,5,9,2017,9/1/2017, 101.57,219900,219900,207500,   94.36,42979,3,2,0,1,0,"(42.629663, -95.23791)",42.629663,-95.23791
196,517 Swallum Dr , 44019148  ,Storm Lake,3 ,2 (1 1 0 0)  ,",",10057.0,1536.0,1965,66/66,     East,  ,1,10,2017,10/2/2017, 108.72,185000,169500,167000,   98.53,43010,2,1,1,0,0,"(42.6430593864106, -95.2182329547749)",42.6430593864106,-95.2182329547749
197,704 Angier Dr , 44019174  ,Storm Lake,3 ,3 (2 1 0 0)  ,",",11970.0,1778.0,1970,17/17,     East,  ,5,9,2017,9/1/2017, 89.99,160000,160000,160000,  100.00,42979,3,2,1,0,0,"(42.6455713922234, -95.224919)",42.6455713922234,-95.224919
198,1305 Shoreway Rd , 44019176  ,Storm Lake,3 ,2 (1 0 1 0)  ,",",12465.0,1268.0,1963,31/31,     East,  ,5,8,2017,8/25/2017, 119.87,152000,152000,152000,  100.00,42972,2,1,0,1,0,"(42.643238, -95.2245329)",42.643238,-95.2245329
